jockey,rank
笹川翼,A
矢野貴之,A
塚本征吾,A
小牧太,A
山本聡哉,A
野畑凌,A
永森大智,A
石川倭,A
中島龍也,A
吉原寛人,A
廣瀬航,A
加藤聡一,A
望月洵輝,A
渡辺竜也,A
落合玄太,A
本田正重,A
山口勲,A
吉村智洋,A
赤岡修次,A
岡部誠,A
飛田愛斗,A
高松亮,A
下原理,A
今井貴大,A
御神本訓史,A
山本政聡,A
筒井勇介,A
山田義貴,A
丸野勝虎,A
青柳正義,A
和田譲治,A
井上瑛太,A
多田羅誠也,A
宮下瞳,A
栗原大河,A
塚本涼人,A
山中悠希,A
菊池一樹,A
西謙一,A
長澤幸太,A
町田直希,A
石川慎将,A
西啓太,A
菅原辰徳,A
小野楓馬,A
阿部龍,A
加藤翔馬,A
杉浦健太,A
張田昂,A
大畑慧悟,A
桑村真明,A
柴田勇真,A
吉井章,A
大畑雅章,A
山本聡紀,A
笹田知宏,A
細川智史,A
金山昇馬,A
岡遼太郎,A
岡村卓弥,A
中原蓮,A
土方颯太,A
長谷部駿弥,A
高橋愛叶,B
岩本怜,B
及川裕一,B
加茂飛翔,B
川原正一,B
高橋悠里,B
村上忍,B
岡村健司,B
田野豊三,B
村上弘樹,B
山崎誠士,B
竹吉徹,B
宮内勇樹,B
本橋孝太,B
出水拓人,B
新庄海誠,B
山崎雅由,B
安藤洋一,B
福原杏,B
友森翔太郎,B
岩橋勇二,B
木之前葵,B
佐野遥久,B
小林凌,B
城野慈尚,B
畑中信司,B
明星晴大,B
藤田凌,B
長谷川蓮,B
郷間勇太,B
服部茂史,B
鴨宮祥行,B
井上幹太,B
佐々木志音,B
大山龍太郎,B
竹村達也,B
大山真吾,B
山本咲希到,B
鈴木祐,B
永井孝典,B
大柿一真,B
田中直人,B
高木健,B
藤野俊一,B
大友一馬,B
関本玲花,B
阿部英俊,B
妹尾浩一朗,B
達城龍次,B
大坪慎,B
吉田晃浩,B
澤田龍哉,B
笠野雄大,B
藤原幹生,B
鈴木太一,B
山田祥雄,B
Ｒ．クアトロ,B
松戸政也,B
大原浩司,B
松本一心,B
東川慎,B
田中純,B
松木大地,B
阪野学,B
佐々木世麗,B
川島正太郎,B
米玉利燕三,B
及川烈,B
見越彬央,B
近藤翔月,B
林悠翔,B
藤本現暉,B
山下裕貴,B
石堂響,B
新原周馬,B
